Name,Age,City
Google,10,New York
Runoob,12,Angeles
Wiki,13,Chicago
Name,Age,City
Google,10,New York
Runoob,12,Angeles
Wiki,13,Chicago
Name,Age,City
Google,10,New York
Runoob,12,Angeles
Wiki,13,Chicago
Name,Age,City
Google,10,New York
Runoob,12,Angeles
Wiki,13,Chicago
Name,Age,City
Google,10,New York
Runoob,12,Angeles
Wiki,13,Chicago
Name,Age,City
Google,10,New York
Runoob,12,Angeles
Wiki,13,Chicago
Name,Age,City
Google,10,New York
Runoob,12,Angeles
Wiki,13,Chicago
Name,Age,City
Google,10,New York
Runoob,12,Angeles
Wiki,13,Chicago
Name,Age,City
Google,10,New York
Runoob,12,Angeles
Wiki,13,Chicago
